{"type": "metrics", "dataset": "train", "precision": 0.997558268590455, "balanced_accuracy": 0.9750163642039008, "recall": 0.9507086947323884, "f1_score": 0.9735701906412478}
{"type": "metrics", "dataset": "test", "precision": 0.656013456686291, "balanced_accuracy": 0.6754560687859443, "recall": 0.40859088528025145, "f1_score": 0.5035506778566817}
{"type": "cm_matrix", "dataset": "train", "true_0": {"predicted_0": 16262, "predicted_1": 11}, "true_1": {"predicted_0": 233, "predicted_1": 4494}}
{"type": "cm_matrix", "dataset": "test", "true_0": {"predicted_0": 6682, "predicted_1": 409}, "true_1": {"predicted_0": 1129, "predicted_1": 780}}
